[{"model": "timelines.timeline", "pk": 1, "fields": {"created": "2020-10-28T18:02:19.594Z", "updated": "2020-10-28T18:02:19.594Z", "name": "Peru"}}, {"model": "timelines.timeline", "pk": 2, "fields": {"created": "2020-10-28T18:02:24.294Z", "updated": "2020-10-28T18:02:24.294Z", "name": "Tanis Dig"}}, {"model": "timelines.entry", "pk": 1, "fields": {"created": "2020-10-28T18:05:17.336Z", "updated": "2020-10-28T18:08:08.822Z", "rank": 1, "title": "Fill bag with sand", "length": 14, "timeline": 1}}, {"model": "timelines.entry", "pk": 2, "fields": {"created": "2020-10-28T18:07:24.335Z", "updated": "2020-10-28T18:08:29.379Z", "rank": 2, "title": "Remove spiders", "length": 26, "timeline": 1}}, {"model": "timelines.entry", "pk": 3, "fields": {"created": "2020-10-28T18:09:49.072Z", "updated": "2020-10-28T18:09:49.072Z", "rank": 3, "title": "Stay out of the light", "length": 28, "timeline": 1}}, {"model": "timelines.entry", "pk": 4, "fields": {"created": "2020-10-28T18:10:37.611Z", "updated": "2020-10-28T18:10:37.611Z", "rank": 4, "title": "Cross chasm with whip", "length": 26, "timeline": 1}}, {"model": "timelines.entry", "pk": 5, "fields": {"created": "2020-10-28T18:11:32.247Z", "updated": "2020-10-28T18:11:32.247Z", "rank": 5, "title": "Stare longingly at Idol", "length": 21, "timeline": 1}}, {"model": "timelines.entry", "pk": 7, "fields": {"created": "2020-10-28T18:13:27.135Z", "updated": "2020-10-28T18:13:30.223Z", "rank": 1, "title": "Lead diggers", "length": 10, "timeline": 2}}, {"model": "timelines.entry", "pk": 8, "fields": {"created": "2020-10-28T18:14:07.577Z", "updated": "2020-10-28T18:14:07.577Z", "rank": 2, "title": "Stare at competition", "length": 11, "timeline": 2}}, {"model": "timelines.entry", "pk": 9, "fields": {"created": "2020-10-28T18:15:34.090Z", "updated": "2020-10-28T18:15:34.090Z", "rank": 3, "title": "Change clothes during sunset, supervise", "length": 17, "timeline": 2}}]
